2,4,aug,tue,94.8,108.3,647.1,17,20.1,40,4,0,0
8,6,aug,sun,92.3,85.3,488,14.7,22.2,29,5.4,0,0
1,2,aug,sat,93.7,231.1,715.1,8.4,25.9,32,3.1,0,0
4,4,aug,sat,90.2,96.9,624.2,8.9,18.4,42,6.7,0,0
8,6,jun,sun,90.4,89.5,290.8,6.4,15.4,45,2.2,0,0
6,5,dec,tue,85.4,25.4,349.7,2.6,5.1,24,8.5,0,24.77
6,5,feb,mon,84.1,4.6,46.7,2.2,5.3,68,1.8,0,0
1,2,sep,sun,93.5,149.3,728.6,8.1,25.3,36,3.6,0,0
2,4,sep,sat,92.5,121.1,674.4,8.6,24.1,29,4.5,0,0
8,6,aug,thu,90.7,194.1,643,6.8,16.2,63,2.7,0,16.33
8,6,aug,sun,92.3,85.3,488,14.7,20.8,32,6.3,0,0
3,4,aug,sun,91.4,142.4,601.4,10.6,19.8,39,5.4,0,0
5,4,aug,sun,91.8,175.1,700.7,13.8,25.7,39,5.4,0,0.09
7,4,feb,fri,84.6,3.2,43.6,3.3,8.2,53,9.4,0,4.62
6,5,sep,tue,91.9,111.7,770.3,6.5,19.6,45,3.1,0,20.03
1,5,sep,sun,93.5,149.3,728.6,8.1,27.8,27,3.1,0,95.18
2,5,oct,sun,92.6,46.5,691.8,8.8,15.4,35,0.9,0,0
4,4,aug,tue,93.7,102.2,550.3,14.6,22.1,54,7.6,0,0.79
1,2,sep,thu,92.9,137,706.4,9.2,22.4,34,2.2,0,0
7,4,sep,sun,92.4,105.8,758.1,9.9,25.3,27,2.7,0,0
3,4,sep,wed,91.2,134.7,817.5,7.2,18.5,30,2.7,0,0
7,5,aug,tue,96.1,181.1,671.2,14.3,21.6,65,4.9,0.8,0
7,3,oct,sat,90.6,43.7,686.9,6.7,17.8,27,4,0,0
7,4,sep,fri,92.4,117.9,668,12.2,19,34,5.8,0,1.69
7,4,oct,sat,90.6,43.7,686.9,6.7,14.6,33,1.3,0,0
1,2,aug,wed,92.1,111.2,654.1,9.6,16.6,47,0.9,0,0
2,4,aug,sun,81.6,56.7,665.6,1.9,21.9,71,5.8,0,54.29
2,5,jul,sat,90.8,84.7,376.6,5.6,23.8,51,1.8,0,0
8,3,sep,thu,93.7,80.9,685.2,17.9,23.2,26,4.9,0,23.41
4,4,sep,thu,92.4,96.2,739.4,8.6,19.2,24,4.9,0,3.78
4,5,sep,wed,92.9,133.3,699.6,9.2,19.4,19,1.3,0,31.72
6,5,sep,sat,91.2,94.3,744.4,8.4,15.4,57,4.9,0,39.35
7,4,sep,sun,91,276.3,825.1,7.1,13.8,77,7.6,0,11.06
7,5,sep,sat,92.5,88,698.6,7.1,22.8,40,4,0,0
6,5,sep,thu,92.8,119,783.5,7.5,21.6,27,2.2,0,0
4,4,sep,fri,92.1,99,745.3,9.6,20.8,35,4.9,0,1.26
6,3,sep,mon,91.8,78.5,724.3,9.2,21.2,32,2.7,0,0
8,6,aug,sat,89.4,253.6,768.4,9.7,14.2,73,2.7,0,0
6,5,jun,fri,92.5,56.4,433.3,7.1,23.2,39,5.4,0,1.19
2,5,sep,mon,91.6,108.4,764,6.2,19.3,44,2.2,0,3.93
1,2,sep,thu,92.9,137,706.4,9.2,25.4,27,2.2,0,0
3,5,oct,wed,91.4,37.9,673.8,5.2,15.9,46,3.6,0,0
7,4,aug,sat,93.5,139.4,594.2,20.3,5.1,96,5.8,0,26
4,4,jul,tue,79.5,60.6,366.7,1.5,23.3,37,3.1,0,0
4,4,sep,sat,92.5,88,698.6,7.1,19.6,48,2.7,0,0
6,5,sep,fri,92.4,117.9,668,12.2,19.6,33,6.3,0,19.23
7,4,sep,wed,89.7,284.9,844,10.1,10.5,77,4,0,0
6,3,sep,mon,91.6,108.4,764,6.2,23,34,2.2,0,56.04
3,4,mar,tue,88.1,25.7,67.6,3.8,15.8,27,7.6,0,0
5,4,aug,tue,95.1,141.3,605.8,17.7,26.4,34,3.6,0,16.4
3,4,aug,fri,91.6,112.4,573,8.9,11.2,84,7.6,0,3.3
8,6,aug,mon,92.1,207,672.6,8.2,25.5,29,1.8,0,1.23
2,4,sep,mon,91.6,108.4,764,6.2,20.4,41,1.8,0,1.47
4,3,jul,sun,93.7,101.3,423.4,14.7,26.1,45,4,0,7.36
5,4,sep,fri,93.3,141.2,713.9,13.9,27.6,30,1.3,0,0
4,4,aug,wed,95.1,141.3,605.8,17.7,28.7,33,4,0,0
6,3,nov,tue,79.5,3,106.7,1.1,11.8,31,4.5,0,0
3,5,mar,mon,87.6,52.2,103.8,5,9,49,2.2,0,0
4,5,aug,sun,92,203.2,664.5,8.1,10.4,75,0.9,0,0
6,3,aug,thu,91.6,138.1,621.7,6.3,18.9,41,3.1,0,10.34
3,4,mar,sat,91.7,35.8,80.8,7.8,11.6,30,6.3,0,0
6,4,jun,sun,90.4,89.5,290.8,6.4,14.3,46,1.8,0,0.9
2,2,feb,mon,84,9.3,34,2.1,13.9,40,5.4,0,0
4,5,aug,sun,90.2,99.6,631.2,6.3,21.4,33,3.1,0,0
2,4,aug,wed,92.2,91.6,503.6,9.6,20.7,70,2.2,0,0.75
2,5,sep,fri,90.3,290,855.3,7.4,16.2,58,3.6,0,9.96
2,2,feb,sat,79.5,3.6,15.3,1.8,4.6,59,0.9,0,6.84
4,6,feb,sat,68.2,21.5,87.2,0.8,15.4,40,2.7,0,0
4,4,aug,thu,95.8,152,624.1,13.8,32.4,21,4.5,0,0
8,6,oct,wed,91.4,37.9,673.8,5.2,20.2,37,2.7,0,13.7
1,2,aug,fri,91,166.9,752.6,7.1,25.9,41,3.6,0,0
2,4,sep,sun,92.4,105.8,758.1,9.9,24.9,27,2.2,0,0
8,6,sep,mon,91.9,111.7,770.3,6.5,15.7,51,2.2,0,0
5,4,sep,fri,92.1,99,745.3,9.6,12.8,64,3.6,0,1.64
1,3,aug,fri,95.9,158,633.6,11.3,32.4,27,2.2,0,0
1,4,sep,sun,91,276.3,825.1,7.1,14.5,76,7.6,0,3.71
4,4,aug,fri,94.3,167.6,684.4,13,21.8,53,3.1,0,6.54
3,4,mar,wed,93.4,17.3,28.3,9.9,8.9,35,8,0,0
1,4,aug,fri,90.6,269.8,811.2,5.5,22.2,45,3.6,0,0
6,5,may,sat,85.1,28,113.8,3.5,11.3,94,4.9,0,0
8,6,jul,tue,92.3,88.8,440.9,8.5,17.1,67,3.6,0,6.57
7,4,mar,sun,90.7,44,92.4,5.5,11.5,60,4,0,8.24
7,4,jul,sat,91.6,104.2,474.9,9,22.1,49,2.7,0,0
3,4,sep,tue,91,129.5,692.6,7,13.9,59,6.3,0,11.24
2,5,aug,thu,95.2,131.7,578.8,10.4,24.2,28,2.7,0,8.68
8,6,sep,fri,91.1,91.3,738.1,7.2,20.7,46,2.7,0,30.18
6,3,sep,fri,92.5,122,789.7,10.2,19.7,39,2.7,0,0
2,2,aug,sun,90.2,99.6,631.2,6.3,20.8,33,2.7,0,0
7,5,aug,sat,93.7,231.1,715.1,8.4,26.4,33,3.6,0,0
1,3,aug,thu,94.8,222.4,698.6,13.9,26.2,34,5.8,0,0
1,3,sep,fri,91.1,91.3,738.1,7.2,19.1,46,2.2,0,0.33
2,2,feb,fri,86.6,13.2,43,5.3,12.3,51,0.9,0,0
4,3,sep,fri,92.5,122,789.7,10.2,17.3,45,4,0,3.94
6,5,mar,wed,93.4,17.3,28.3,9.9,13.8,24,5.8,0,0
4,3,sep,thu,92.9,137,706.4,9.2,27.7,24,2.2,0,0
5,4,mar,fri,91.7,33.3,77.5,9,15.6,25,6.3,0,0
3,4,mar,sat,91.7,35.8,80.8,7.8,15.2,27,4.9,0,0
3,4,sep,sun,92.4,124.1,680.7,8.5,22.5,42,5.4,0,0
7,4,jul,sat,91.6,104.2,474.9,9,24.3,30,1.8,0,0
4,5,jan,sun,18.7,1.1,171.4,0,5.2,100,0.9,0,0
4,3,sep,tue,90.3,80.7,730.2,6.3,17.8,63,4.9,0,0
2,2,sep,mon,91.5,130.1,807.1,7.5,16.8,43,3.1,0,5.83
2,4,aug,wed,92.1,111.2,654.1,9.6,20.5,35,4,0,1.64
4,4,sep,wed,92.6,115.4,777.1,8.8,19.7,41,1.8,0,1.58
2,5,aug,sat,93.7,231.1,715.1,8.4,23.6,53,4,0,6.43
7,5,sep,tue,91,129.5,692.6,7,20.7,37,2.2,0,17.2
6,5,mar,thu,91.3,20.6,43.5,8.5,13.3,27,3.6,0,6.61
3,4,jul,mon,94.6,160,567.2,16.7,17.9,48,2.7,0,0
5,4,sep,fri,90.3,290,855.3,7.4,16.2,58,3.6,0,0
3,4,oct,sun,92.6,46.5,691.8,8.8,20.6,24,5.4,0,0
4,6,mar,sun,89.3,51.3,102.2,9.6,10.6,46,4.9,0,0
4,4,aug,tue,94.8,108.3,647.1,17,16.6,54,5.4,0,0
2,3,sep,mon,91.6,108.4,764,6.2,18,51,5.4,0,0
2,2,aug,sat,93.5,139.4,594.2,20.3,22.9,31,7.2,0,15.45
3,4,aug,sun,91.8,175.1,700.7,13.8,26.8,38,6.3,0,0.76
6,5,sep,thu,88.1,53.3,726.9,5.4,13.7,56,1.8,0,4.42
6,3,aug,fri,91.1,141.1,629.1,7.1,19.3,39,3.6,0,1.56
6,3,feb,sun,84.9,27.5,353.5,3.4,4.2,51,4,0,0
3,5,aug,sat,93.5,139.4,594.2,20.3,17.6,52,5.8,0,0
1,4,jul,tue,92.3,96.2,450.2,12.1,23.4,31,5.4,0,0
7,4,sep,fri,92.4,117.9,668,12.2,19,34,5.8,0,0
1,2,aug,fri,90.1,108,529.8,12.5,14.7,66,2.7,0,0
3,4,aug,mon,91.5,145.4,608.2,10.7,17.1,43,5.4,0,0
8,6,jun,wed,91.2,147.8,377.2,12.7,19.6,43,4.9,0,0
4,4,dec,mon,85.4,25.4,349.7,2.6,4.6,21,8.5,0,22.03
6,5,mar,fri,91.2,48.3,97.8,12.5,11.7,33,4,0,8.31
8,6,aug,wed,85.6,90.4,609.6,6.6,17.4,50,4,0,2.69
9,9,jul,sun,90.1,68.6,355.2,7.2,24.8,29,2.2,0,1.36
7,5,aug,tue,96.1,181.1,671.2,14.3,27.3,63,4.9,6.4,10.82
6,5,sep,sat,92.2,102.3,751.5,8.4,19.7,35,1.8,0,0
8,6,aug,sat,92.2,81.8,480.8,11.9,20.1,34,4.5,0,58.3
8,4,aug,sat,91.6,273.8,819.1,7.7,21.3,44,4.5,0,12.18
4,3,aug,sat,94.2,117.2,581.1,11,21.4,44,2.7,0,0.68
8,6,jul,sun,88.9,263.1,795.9,5.2,29.3,27,3.6,0,6.3
2,5,sep,tue,91,129.5,692.6,7,17.6,46,3.1,0,7.04
1,4,aug,sat,94.4,146,614.7,11.3,25.6,42,4,0,0
3,4,sep,fri,94.3,85.1,692.3,15.9,19.8,50,5.4,0,0
6,5,apr,mon,87.9,24.9,41.6,3.7,10.9,64,3.1,0,3.35
7,4,aug,sun,81.6,56.7,665.6,1.9,21.2,70,6.7,0,11.16
4,3,sep,mon,91.6,108.4,764,6.2,9.8,86,1.8,0,0
6,3,apr,wed,88,17.2,43.5,3.8,15.2,51,2.7,0,0
6,3,mar,sat,90.6,50.1,100.4,7.8,15.2,31,8.5,0,1.94
1,5,sep,tue,91,129.5,692.6,7,21.6,33,2.2,0,11.53
7,5,mar,fri,86.2,26.2,94.3,5.1,8.2,51,6.7,0,0
6,5,apr,thu,81.5,9.1,55.2,2.7,5.8,54,5.8,0,4.61
9,9,jul,thu,93.2,114.4,560,9.5,30.2,25,4.5,0,2.75
5,4,sep,mon,91.8,78.5,724.3,9.2,19.1,38,2.7,0,0
8,6,aug,mon,92.1,207,672.6,8.2,21.1,54,2.2,0,0
6,5,aug,wed,92.1,111.2,654.1,9.6,16.6,47,0.9,0,2.29
6,4,aug,fri,94.8,227,706.7,12,23.3,34,3.1,0,28.74
1,4,aug,sat,90.2,96.9,624.2,8.9,20.3,39,4.9,0,4.53
4,4,sep,mon,90.9,126.5,686.5,7,17.7,39,2.2,0,3.07
6,5,mar,thu,84.9,18.2,55,3,5.3,70,4.5,0,2.14
6,5,sep,fri,92.5,122,789.7,10.2,18.4,42,2.2,0,1.09
7,4,aug,sun,91.4,142.4,601.4,10.6,16.3,60,5.4,0,0
9,9,jul,tue,85.8,48.3,313.4,3.9,18,42,2.7,0,0.36
2,2,aug,mon,91.1,103.2,638.8,5.8,23.1,31,3.1,0,0
7,4,sep,fri,92.1,99,745.3,9.6,20.6,43,3.6,0,2.03
1,2,sep,tue,91,129.5,692.6,7,18.8,40,2.2,0,212.88
9,9,aug,fri,94.8,227,706.7,12,25,36,4,0,0
1,2,aug,tue,91,121.2,561.6,7,21.6,19,6.7,0,0
2,2,aug,tue,94.8,108.3,647.1,17,24.6,22,4.5,0,8.71
2,4,sep,sun,50.4,46.2,706.6,0.4,12.2,78,6.3,0,0
8,6,aug,sat,93.7,231.1,715.1,8.4,26.9,31,3.6,0,4.96
6,5,sep,sat,92.2,102.3,751.5,8.4,21.2,32,2.2,0,0
7,4,aug,sun,91.4,142.4,601.4,10.6,20.1,39,5.4,0,2.74
3,5,mar,tue,88.1,25.7,67.6,3.8,14.9,38,2.7,0,0
6,5,jun,sat,53.4,71,233.8,0.4,10.6,90,2.7,0,0
6,3,sep,fri,94.3,85.1,692.3,15.9,25.4,24,3.6,0,0
4,6,dec,thu,84.6,26.4,352,2,5.1,61,4.9,0,5.38
1,2,aug,sun,91.4,142.4,601.4,10.6,19.5,39,6.3,0,0
2,2,mar,sun,89.3,51.3,102.2,9.6,5.5,59,6.3,0,0
1,2,sep,thu,92.9,137,706.4,9.2,21.5,15,0.9,0,0
3,4,aug,sat,91.8,170.9,692.3,13.7,20.6,59,0.9,0,0
7,4,jul,mon,89.2,103.9,431.6,6.4,22.6,57,4.9,0,278.53
3,4,sep,fri,93.3,141.2,713.9,13.9,18.6,49,3.6,0,35.88
2,5,jun,thu,93.7,121.7,350.2,18,22.7,40,9.4,0,3.19
8,6,aug,sun,81.6,56.7,665.6,1.9,27.8,35,2.7,0,0
2,4,aug,sun,91.6,181.3,613,7.6,20.9,50,2.2,0,16
7,4,feb,sun,83.9,8.7,32.1,2.1,8.8,68,2.2,0,13.05
4,5,sep,thu,92.4,96.2,739.4,8.6,18.6,24,5.8,0,0
7,4,aug,mon,91.5,238.2,730.6,7.5,17.7,65,4,0,0
4,4,aug,tue,92.1,152.6,658.2,14.3,19.1,53,2.7,0,4.4
4,5,aug,thu,89.4,266.2,803.3,5.6,17.4,54,3.1,0,0
4,3,sep,sat,92.2,102.3,751.5,8.4,23.5,27,4,0,3.33
7,4,aug,sat,91.6,273.8,819.1,7.7,15.5,72,8,0,1.94
7,4,aug,thu,91.9,109.2,565.5,8,21.4,38,2.7,0,1.52
6,3,sep,sat,93.4,145.4,721.4,8.1,30.2,24,2.7,0,0
2,4,sep,mon,63.5,70.8,665.3,0.8,22.6,38,3.6,0,11.32
1,4,sep,fri,92.5,122,789.7,10.2,21.1,39,2.2,0,8.12
2,2,jul,fri,88.3,150.3,309.9,6.8,13.4,79,3.6,0,37.02
1,4,aug,fri,90.5,196.8,649.9,16.3,11.8,88,4.9,0,9.71
1,3,aug,sat,92.1,178,605.3,9.6,23.3,40,4,0,6.36
4,4,mar,mon,87.2,23.9,64.7,4.1,11.8,35,1.8,0,0
7,6,jul,tue,93.1,180.4,430.8,11,26.9,28,5.4,0,86.45
3,4,aug,mon,91.5,145.4,608.2,10.7,10.3,74,2.2,0,0
3,6,sep,sun,92.4,124.1,680.7,8.5,17.2,58,1.3,0,0
7,4,aug,sun,91.6,181.3,613,7.6,19.3,61,4.9,0,0
4,6,mar,mon,87.2,23.9,64.7,4.1,14,39,3.1,0,0
6,5,aug,tue,94.3,131.7,607.1,22.7,19.4,55,4,0,0.17
8,6,mar,sun,89.3,51.3,102.2,9.6,11.4,99,1.8,0,0
2,4,mar,tue,93.4,15,25.6,11.4,15.2,19,7.6,0,0
4,6,dec,sun,84.4,27.2,353.5,6.8,4.8,57,8.5,0,8.98
7,4,aug,sat,93.5,139.4,594.2,20.3,23.7,32,5.8,0,0
2,4,sep,sun,92.4,105.8,758.1,9.9,16,45,1.8,0,0
9,5,jun,wed,93.3,49.5,297.7,14,28,34,4.5,0,0
6,5,mar,sat,91.7,35.8,80.8,7.8,17.4,25,4.9,0,0
6,5,aug,tue,96.1,181.1,671.2,14.3,33.3,26,2.7,0,40.54
2,4,aug,sun,91.8,175.1,700.7,13.8,22.4,54,7.6,0,2.87
2,4,aug,wed,94.5,139.4,689.1,20,29.2,30,4.9,0,1.95
7,5,sep,sat,92.5,88,698.6,7.1,17.8,51,7.2,0,0
7,5,oct,mon,91.7,48.5,696.1,11.1,16.1,44,4,0,49.37
3,4,mar,sat,69,2.4,15.5,0.7,17.4,24,5.4,0,0
3,4,jul,sat,90.1,51.2,424.1,6.2,24.6,43,1.8,0,1.43
6,6,aug,mon,96.2,175.5,661.8,16.8,23.9,42,2.2,0,0
6,4,aug,thu,95.2,131.7,578.8,10.4,20.3,41,4,0,1.9
8,6,mar,fri,91.7,33.3,77.5,9,8.3,97,4,0.2,0
6,5,aug,fri,91,166.9,752.6,7.1,18.2,62,5.4,0,0.43
4,4,sep,fri,92.1,99,745.3,9.6,20.8,35,4.9,0,13.06
6,3,sep,thu,92.8,119,783.5,7.5,18.9,34,7.2,0,34.36
4,5,feb,sat,84.7,8.2,55,2.9,14.2,46,4,0,0
3,4,sep,sun,89.6,84.1,714.3,5.7,23.8,35,3.6,0,5.18
9,9,feb,fri,86.6,13.2,43,5.3,15.7,43,3.1,0,0
3,4,sep,tue,84.4,73.4,671.9,3.2,17.9,45,3.1,0,0
4,3,oct,sun,92.6,46.5,691.8,8.8,13.8,50,2.7,0,0
4,3,jul,thu,93.2,114.4,560,9.5,30.2,22,4.9,0,0
7,4,sep,sun,89.6,84.1,714.3,5.7,17.1,53,5.4,0,0.41
4,5,jul,fri,91.6,100.2,466.3,6.3,22.9,40,1.3,0,2.64
6,3,sep,sun,92.4,105.8,758.1,9.9,24.8,28,1.8,0,14.29
3,5,mar,tue,88.1,25.7,67.6,3.8,15.5,27,6.3,0,0
7,4,sep,fri,92.1,99,745.3,9.6,19.8,47,2.7,0,1.72
4,3,sep,tue,91.9,111.7,770.3,6.5,15.9,53,2.2,0,2.93
8,6,aug,sat,93.7,231.1,715.1,8.4,18.9,64,4.9,0,3.32
2,4,aug,sun,92,203.2,664.5,8.1,24.9,42,5.4,0,2.44
9,4,jul,sat,91.6,104.2,474.9,9,25.3,39,0.9,0,8
8,6,aug,sat,94.2,117.2,581.1,11,23.9,41,2.2,0,8.02
3,4,feb,sat,83.9,8,30.2,2.6,12.7,48,1.8,0,0
3,4,sep,sun,89.7,90,704.4,4.8,22.8,39,3.6,0,0
9,9,feb,thu,84.2,6.8,26.6,7.7,6.7,79,3.1,0,0
4,5,mar,fri,85.9,19.5,57.3,2.8,12.7,52,6.3,0,0
4,4,sep,wed,90.1,82.9,735.7,6.2,12.9,74,4.9,0,0
2,4,aug,wed,95.2,217.7,690,18,30.8,19,4.5,0,0
3,5,sep,thu,90.7,136.9,822.8,6.8,12.9,39,2.7,0,2.18
4,4,sep,sun,92.4,124.1,680.7,8.5,16.9,60,1.3,0,29.48
3,4,aug,sun,91.4,142.4,601.4,10.6,11.6,87,4.5,0,0
6,5,sep,sat,92.5,121.1,674.4,8.6,25.1,27,4,0,1090.84
3,4,sep,fri,92.1,99,745.3,9.6,17.4,57,4.5,0,0
2,4,aug,fri,91,166.9,752.6,7.1,25.9,41,3.6,0,0
6,5,sep,wed,92.9,133.3,699.6,9.2,26.4,21,4.5,0,0
2,4,aug,sun,94.2,122.3,589.9,12.9,15.4,66,4,0,10.13
1,3,aug,fri,95.9,158,633.6,11.3,27.5,29,4.5,0,43.32
2,5,aug,sat,93.7,231.1,715.1,8.4,18.9,64,4.9,0,0
4,5,sep,mon,88.6,91.8,709.9,7.1,17.4,56,5.4,0,0
3,4,dec,mon,85.4,25.4,349.7,2.6,4.6,21,8.5,0,10.73
5,5,mar,sat,91.7,35.8,80.8,7.8,15.1,27,5.4,0,0
7,4,mar,mon,90.1,39.7,86.6,6.2,16.1,29,3.1,0,1.75
4,5,mar,fri,91.7,33.3,77.5,9,17.2,26,4.5,0,0
8,6,oct,mon,84.9,32.8,664.2,3,19.1,32,4,0,5.44
8,5,aug,wed,93.1,157.3,666.7,13.5,24,36,3.1,0,0.24
6,5,jun,mon,90.4,93.3,298.1,7.5,20.7,25,4.9,0,0
7,6,jul,wed,91.2,183.1,437.7,12.5,12.6,90,7.6,0.2,0
8,6,aug,sat,93.7,231.1,715.1,8.4,18.9,64,4.9,0,0
7,4,sep,sat,91.2,124.4,795.3,8.5,21.5,28,4.5,0,15.64
2,2,aug,wed,92.1,111.2,654.1,9.6,18.4,45,3.6,0,1.63
2,4,aug,mon,93.6,97.9,542,14.4,28.3,32,4,0,8.85
8,6,sep,thu,93.7,80.9,685.2,17.9,23.7,25,4.5,0,1.12
6,5,sep,fri,93.3,141.2,713.9,13.9,22.9,44,5.4,0,0
7,5,sep,sat,92.8,73.2,713,22.6,19.3,38,4,0,0
1,4,sep,mon,92.1,87.7,721.1,9.5,18.1,54,3.1,0,2.13
7,4,sep,fri,94.3,85.1,692.3,15.9,20.1,47,4.9,0,26.13
4,5,sep,tue,91.1,132.3,812.1,12.5,16.4,27,3.6,0,0
9,4,jun,sat,90.5,61.1,252.6,9.4,24.5,50,3.1,0,70.32
4,4,oct,sat,90.6,43.7,686.9,6.7,18.4,25,3.1,0,24.23
4,4,mar,sat,91.7,35.8,80.8,7.8,17,27,4.9,0,28.66
4,5,sep,wed,92.9,133.3,699.6,9.2,24.3,25,4,0,9.41
3,6,sep,mon,90.9,126.5,686.5,7,15.6,66,3.1,0,0
1,2,aug,sun,90.2,99.6,631.2,6.3,17.9,44,2.2,0,0
6,4,mar,wed,89.2,27.9,70.8,6.3,15.9,35,4,0,0
4,3,sep,fri,90.3,290,855.3,7.4,19.9,44,3.1,0,7.8
6,3,feb,fri,84.1,7.3,52.8,2.7,14.7,42,2.7,0,0
4,3,mar,mon,87.6,52.2,103.8,5,11,46,5.8,0,36.85
4,3,may,fri,89.6,25.4,73.7,5.7,18,40,4,0,38.48
6,3,sep,mon,88.6,91.8,709.9,7.1,11.2,78,7.6,0,0
4,5,aug,mon,96.2,175.5,661.8,16.8,32.6,26,3.1,0,2.77
5,5,aug,sun,94,47.9,100.7,10.7,17.3,80,4.5,0,0
4,5,mar,fri,91.2,48.3,97.8,12.5,15.8,27,7.6,0,0
4,4,mar,tue,88.1,25.7,67.6,3.8,14.1,43,2.7,0,0
3,4,aug,tue,92.1,152.6,658.2,14.3,21,32,3.1,0,0
6,5,aug,fri,63.5,70.8,665.3,0.8,17,72,6.7,0,0
2,4,aug,mon,95,135.5,596.3,21.3,30.6,28,3.6,0,2.07
4,3,sep,sun,90.5,96.7,750.5,11.4,20.4,55,4.9,0,3.64
8,5,aug,wed,93.1,157.3,666.7,13.5,26.8,25,3.1,0,0.68
7,5,apr,sun,81.9,3,7.9,3.5,13.4,75,1.8,0,0
7,4,oct,tue,90.6,35.4,669.1,6.7,18,33,0.9,0,0
4,3,aug,wed,94.5,139.4,689.1,20,28.9,29,4.9,0,49.59
3,4,sep,sun,90.5,96.7,750.5,11.4,20.6,55,5.4,0,24.59
8,6,mar,sun,89.3,51.3,102.2,9.6,11.5,39,5.8,0,7.19
3,6,jun,fri,91.1,94.1,232.1,7.1,19.2,38,4.5,0,0
3,4,mar,mon,90.1,39.7,86.6,6.2,10.6,30,4,0,0
6,4,sep,tue,91,129.5,692.6,7,18.3,40,2.7,0,0
4,5,feb,sun,85,9,56.9,3.5,10.1,62,1.8,0,51.78
6,5,sep,mon,90.9,126.5,686.5,7,21.3,42,2.2,0,0
6,3,jul,tue,92.7,164.1,575.8,8.9,26.3,39,3.1,0,7.02
1,2,jul,sat,90,51.3,296.3,8.7,16.6,53,5.4,0,0.71
3,6,jun,fri,91.1,94.1,232.1,7.1,19.2,38,4.5,0,0
7,4,sep,fri,88.2,55.2,732.3,11.6,15.2,64,3.1,0,0.52
2,4,aug,sun,93.6,235.1,723.1,10.1,20.9,66,4.9,0,15.34
4,3,jul,thu,93.5,85.3,395,9.9,27.2,28,1.3,0,1.76
5,4,sep,fri,92.1,99,745.3,9.6,10.1,75,3.6,0,0
8,6,sep,mon,91.5,130.1,807.1,7.5,15.9,51,4.5,0,2.18
4,5,sep,sun,91,276.3,825.1,7.1,13.8,77,7.6,0,0
8,6,aug,mon,91.5,145.4,608.2,10.7,8,86,2.2,0,0
7,4,aug,sun,94.8,108.3,647.1,17,16.4,47,1.3,0,1.56
2,2,aug,thu,91.6,248.4,753.8,6.3,20.4,56,2.2,0,0
7,4,sep,mon,91.6,108.4,764,6.2,19.3,44,2.2,0,0
7,4,sep,wed,90.1,82.9,735.7,6.2,15.4,57,4.5,0,37.71
8,6,dec,wed,84,27.8,354.6,5.3,5.1,61,8,0,11.19
6,5,aug,wed,96,127.1,570.5,16.5,23.4,33,4.5,0,2.51
4,4,mar,sat,91.7,35.8,80.8,7.8,17,27,4.9,0,28.66
5,6,sep,wed,94.3,85.1,692.3,15.9,25.9,24,4,0,0
6,5,mar,mon,87.2,15.1,36.9,7.1,10.2,45,5.8,0,3.18
1,3,sep,sun,91,276.3,825.1,7.1,21.9,43,4,0,70.76
8,6,sep,sat,92.5,121.1,674.4,8.6,17.8,56,1.8,0,1.95
2,2,aug,tue,92.1,152.6,658.2,14.3,21.8,56,3.1,0,0.52
1,4,sep,tue,91,129.5,692.6,7,21.7,38,2.2,0,0.43
6,5,mar,thu,90.9,18.9,30.6,8,8.7,51,5.8,0,0
3,3,sep,sat,92.2,102.3,751.5,8.4,24.2,27,3.1,0,6.58
3,4,aug,sun,91.4,142.4,601.4,10.6,19.8,39,5.4,0,0
2,2,sep,fri,92.4,117.9,668,12.2,19.6,33,5.4,0,0
3,4,jul,wed,91.9,133.6,520.5,8,14.2,58,4,0,0
9,4,jul,mon,92.3,92.1,442.1,9.8,22.8,27,4.5,0,1.63
8,3,jun,mon,88.2,96.2,229,4.7,14.3,79,4,0,1.94
6,5,aug,sat,90.2,96.9,624.2,8.9,14.7,59,5.8,0,0
8,6,aug,sun,91.4,142.4,601.4,10.6,18.2,43,4.9,0,0
1,3,sep,sat,91.2,94.3,744.4,8.4,22.3,48,4,0,0.72
9,6,aug,thu,91.6,248.4,753.8,6.3,20.5,58,2.7,0,42.87
2,2,aug,tue,92.1,152.6,658.2,14.3,23.7,24,3.1,0,0
2,2,sep,fri,92.4,117.9,668,12.2,23,37,4.5,0,0
2,5,aug,sun,94.9,130.3,587.1,14.1,33.1,25,4,0,26.43
7,4,oct,mon,91.7,48.5,696.1,11.1,16.8,45,4.5,0,6.83
4,3,aug,wed,92.1,111.2,654.1,9.6,20.4,42,4.9,0,0
8,5,oct,mon,84.9,32.8,664.2,3,16.7,47,4.9,0,0
3,4,aug,wed,93.1,157.3,666.7,13.5,21.7,40,0.4,0,2.47
4,3,aug,sun,81.6,56.7,665.6,1.9,27.8,32,2.7,0,6.44
1,4,sep,thu,92.8,119,783.5,7.5,16.8,28,4,0,7.21
5,4,feb,fri,85.2,4.9,15.8,6.3,7.5,46,8,0,24.24
2,4,sep,sat,93.4,145.4,721.4,8.1,28.6,27,2.2,0,1.61
5,4,aug,tue,88.8,147.3,614.5,9,17.3,43,4.5,0,0
4,5,aug,wed,95.2,217.7,690,18,23.4,49,5.4,0,6.43
8,6,sep,mon,91.6,108.4,764,6.2,22.7,35,2.2,0,7.48
2,2,mar,sun,89.3,51.3,102.2,9.6,11.5,39,5.8,0,0
5,4,aug,thu,94.8,222.4,698.6,13.9,20.3,42,2.7,0,0
2,5,jul,sat,91.6,104.2,474.9,9,18.7,53,1.8,0,0
1,4,aug,wed,91.7,191.4,635.9,7.8,19.9,50,4,0,82.75
8,6,aug,thu,91.6,248.4,753.8,6.3,20.4,56,2.2,0,0
2,5,aug,thu,87.5,77,694.8,5,22.3,46,4,0,0
4,4,dec,mon,85.4,25.4,349.7,2.6,4.6,21,8.5,0,17.85
1,4,aug,sat,90.2,96.9,624.2,8.9,14.2,53,1.8,0,3.5
2,2,sep,sat,92.5,121.1,674.4,8.6,18.2,46,1.8,0,200.94
6,5,sep,wed,92.6,115.4,777.1,8.8,24.3,27,4.9,0,0
